Workbook

Sheet Legende
A1: Ommetryx – Konfiguration Größenempfehlung
A2: Stand 20.10.2026 · Version 3 · Quelle: Projekt-Dokument claude/schnittstellen-dokumentation-v3.md
A4: Wofür diese Datei ist
A5: Alle Zahlen der Empfehlungslogik als Tabellen. Sie gehören ins Backend in eine Konfigurationstabelle, nicht fest in den Code. Jedes Blatt entspricht einer Datenbanktabelle und kann als CSV exportiert werden.
A7: Blätter
A8: Bereiche – Ziel-Mehrweite je Kategorie, Messpunkt und Passform (Referenzgröße DE 40). Die Spalte 'mitte' wird berechnet.
A9: Mindest – Mindest-Mehrweite je Kategorie und Messpunkt (Bewegung).
A10: Dehnungsklassen / Dehnungskorrektur – Einteilung der Dehnung und Abzug von der Ziel-Mitte.
A11: Gewichte – Gewicht je Messpunkt im Score.
A12: Parameter – alle Einzelwerte: Strafen, Grenzen, Umrechnung, Konfidenz, Lernen.
A13: Artikel-Felder – Felder, die bei der Vermessung je Artikel erfasst werden, mit Beispielzeile.
A14: Rechenbeispiel – zeigt mit echten Formeln, wie eine Empfehlung entsteht. Gelbe Zellen dürfen geändert werden.
... A23: Alle Umfänge in cm. Mehrweite = Kleidungsumfang − Körperumfang. Ausnahme Leggings: Prozent des Körpermaßes (Spalte 'einheit').

Sheet Bereiche
A1: kategorie_id | B1: kategorie | C1: messpunkt | D1: passform | E1: unter | F1: ober | G1: mitte | H1: einheit | I1: referenz_dehnungsklasse | J1: vertrauen | K1: quelle
A2: web_oberteil | B2: Blusen, Hemden, Kleider (Webware) | C2: brust | D2: koerpernah | E2: 4 | F2: 8 | G2: =(E2+F2)/2 -> 6 | H2: cm | I2: 0 | J2: Lage B, Grenzen A | K2: McCall Ease Allowances; Aldrich/Joseph-Armstrong Grundschnitt; Sakata et al. 2021
A3: web_oberteil | B3: Blusen, Hemden, Kleider (Webware) | C3: brust | D3: regulaer | E3: 8 | F3: 12 | G3: =(E3+F3)/2 -> 10 | H3: cm | I3: 0 | J3: Lage B, Grenzen A | K3: McCall Ease Allowances; Aldrich/Joseph-Armstrong Grundschnitt; Sakata et al. 2021
A4: web_oberteil | B4: Blusen, Hemden, Kleider (Webware) | C4: brust | D4: locker | E4: 12 | F4: 18 | G4: =(E4+F4)/2 -> 15 | H4: cm | I4: 0 | J4: Lage B, Grenzen A | K4: McCall Ease Allowances; Aldrich/Joseph-Armstrong Grundschnitt; Sakata et al. 2021
A5: web_oberteil | B5: Blusen, Hemden, Kleider (Webware) | C5: brust | D5: oversized | E5: 18 | F5: 28 | G5: =(E5+F5)/2 -> 23 | H5: cm | I5: 0 | J5: Lage B, Grenzen A | K5: McCall Ease Allowances; Aldrich/Joseph-Armstrong Grundschnitt; Sakata et al. 2021
A6: jersey | B6: T-Shirts, Tops, Kleider (Jersey) | C6: brust | D6: koerpernah | E6: -4 | F6: 2 | G6: =(E6+F6)/2 -> -1 | H6: cm | I6: 2 | J6: P/A | K6: The Shapes of Fabric; MDPI T-Shirt-Studie
A7: jersey | B7: T-Shirts, Tops, Kleider (Jersey) | C7: brust | D7: regulaer | E7: 2 | F7: 8 | G7: =(E7+F7)/2 -> 5 | H7: cm | I7: 2 | J7: P/A | K7: The Shapes of Fabric; MDPI T-Shirt-Studie
A8: jersey | B8: T-Shirts, Tops, Kleider (Jersey) | C8: brust | D8: locker | E8: 8 | F8: 16 | G8: =(E8+F8)/2 -> 12 | H8: cm | I8: 2 | J8: P/A | K8: The Shapes of Fabric; MDPI T-Shirt-Studie
A9: jersey | B9: T-Shirts, Tops, Kleider (Jersey) | C9: brust | D9: oversized | E9: 16 | F9: 26 | G9: =(E9+F9)/2 -> 21 | H9: cm | I9: 2 | J9: P/A | K9: The Shapes of Fabric; MDPI T-Shirt-Studie
A10: strick | B10: Strick, Pullover | C10: brust | D10: koerpernah | E10: -4 | F10: 2 | G10: =(E10+F10)/2 -> -1 | H10: cm | I10: 2 | J10: P | K10: Lion Brand Ease-Tabelle
A11: strick | B11: Strick, Pullover | C11: brust | D11: regulaer | E11: 2 | F11: 10 | G11: =(E11+F11)/2 -> 6 | H11: cm | I11: 2 | J11: P | K11: Lion Brand Ease-Tabelle
A12: strick | B12: Strick, Pullover | C12: brust | D12: locker | E12: 10 | F12: 18 | G12: =(E12+F12)/2 -> 14 | H12: cm | I12: 2 | J12: P | K12: Lion Brand Ease-Tabelle
A13: strick | B13: Strick, Pullover | C13: brust | D13: oversized | E13: 18 | F13: 30 | G13: =(E13+F13)/2 -> 24 | H13: cm | I13: 2 | J13: P | K13: Lion Brand Ease-Tabelle
... A48: aermel_web | B48: Ärmel (Webware) | C48: oberarm | D48: oversized | E48: 14 | F48: 22 | G48: =(E48+F48)/2 -> 18 | H48: cm | I48: 0 | J48: P/A | K48: Sewaholic; Sure-Fit Designs; Curvy Sewing Collective

Sheet Mindest
A1: kategorie_id | B1: messpunkt | C1: mindest_cm_klasse0 | D1: hinweis | E1: quelle | F1: vertrauen
A2: web_oberteil | B2: brust | C2: 5 | D2: mit Ärmel; ärmellos 3 cm | E2: ASDP 6,4–10,2; Threads 6,4–7,6; Konfektion 5,1 | F2: B/P
A3: web_oberteil_aermellos | B3: brust | C3: 3 | D3: ärmellose Webware | E3: Fachpraxis | F3: P
A4: jacke | B4: brust | C4: 9 | E4: ASDP Jacke 8,9–12,7 | F4: B
A5: mantel | B5: brust | C5: 12 | E5: ASDP Mantel 11,4–16,5 | F5: B
A6: web_tailliert | B6: taille | C6: 2.5 | E6: ASDP; Threads | F6: P
A7: oberteil_nicht_tailliert | B7: taille | C7: 2 | D7: nur Mindestprüfung, Gewicht 0 | E7: Patent-Logik Sekundärmaß | F7: A
A8: rock_hose_fest | B8: taille | C8: 1 | E8: Rudolf et al. 2021 | F8: B
A9: rock_hose_stretch | B9: taille | C9: -2 | E9: Fachpraxis | F9: A
A10: web_unterteil | B10: huefte | C10: 3.5 | E10: Rudolf et al. 2021 | F10: B
A11: hose_web | B11: oberschenkel | C11: 3 | E11: Rudolf et al. 2021 | F11: A
A12: aermel_web | B12: oberarm | C12: 4 | E12: Fachpraxis | F12: P
A13: aermel_jersey | B13: oberarm | C13: 0 | D13: Jersey und Strick | E13: Curvy Sewing Collective | F13: P

Sheet Dehnungsklassen
A1: klasse | B1: name | C1: dehnung_von | D1: dehnung_bis | E1: beispiele | F1: mindest_regel
A2: 0 | B2: starr | C2: 0 | D2: 0.05 | E2: Popeline, Leinen, Wollstoff | F2: fester Wert aus Blatt Mindest
A3: 1 | B3: leicht | C3: 0.05 | D3: 0.25 | E3: Stretch-Denim, Webware mit Elastan, Ponte | F3: Brust 0 · Hüfte 0 · Oberschenkel 0 · Taille −2 cm
A4: 2 | B4: mittel | C4: 0.25 | D4: 0.5 | E4: Single-Jersey, Interlock | F4: −0,2 × Dehnung × Körpermaß
A5: 3 | B5: hoch | C5: 0.5 | D5: 0.75 | E5: Viskose-Elastan-Jersey, Rippstrick | F5: −0,2 × Dehnung × Körpermaß
A6: 4 | B6: sehr hoch | C6: 0.75 | E6: Leggings, Bademode | F6: −0,2 × Dehnung × Körpermaß
A8: Dehnung messen: 10 cm quer markieren, ohne Gewalt dehnen. Dehnung = (gedehnte Länge − 10) / 10. Obergrenze jeweils ausschließlich. Einteilung B (J. Cole).

Sheet Dehnungskorrektur
A1: klasse | B1: koerpernah | C1: regulaer | D1: locker | E1: oversized | F1: hinweis
A2: 0 | B2: 0 | C2: 0 | D2: 0 | E2: 0
A3: 1 | B3: -2 | C3: -1 | D3: 0 | E3: 0
A4: 2 | B4: -4 | C4: -2 | D4: 0 | E4: 0
A5: 3 | B5: -6 | C5: -3 | D5: 0 | E5: 0
A6: 4 | F6: nur Leggings, prozentual im Blatt Bereiche
A8: Angewendet wird nur der Unterschied zur Referenzklasse der Kategorie: Korrektur = Wert(gemessene Klasse) − Wert(Referenzklasse). Gilt nicht für die Taille (eigene Stretch-Zeilen). Werte A.

Sheet Gewichte
A1: kategorie | B1: brust | C1: taille | D1: huefte | E1: oberschenkel | F1: oberarm | G1: hinweis
A2: Oberteile, Jersey, Strick (nicht tailliert) | B2: 1 | C2: 0 | D2: 0.6 | F2: 0.4 | G2: Taille nur Mindestprüfung; Hüfte nur wenn gemessen; Oberarm nur wenn im Profil
A3: Kleider und Blusen tailliert | B3: 1 | C3: 0.8 | D3: 0.8 | F3: 0.4
A4: Jacken, Mäntel | B4: 1 | C4: 0 | D4: 0.5 | F4: 0.5
A5: Röcke | C5: 1 | D5: 1
A6: Hosen | C6: 1 | D6: 1 | E6: 0.6
A8: Zusätzlich, wenn gewertet: Schulter 0,8 · Ärmellänge 0,3. Figur-Angaben verändern Gewichte wie in v2.

Sheet Parameter
A1: gruppe | B1: schluessel | C1: wert | D1: einheit | E1: bedeutung | F1: vertrauen
A2: strafe | B2: faktor_zu_eng | C2: 2 | E2: Abstand außerhalb der Zone × 2 | F2: A
A3: strafe | B3: faktor_zu_weit | C3: 1 | F3: A
A4: strafe | B4: faktor_unter_mindest | C4: 4 | D4: je cm | E4: zusätzlich zur normalen Strafe | F4: A
A5: strafe | B5: faktor_ueber_obergrenze | C5: 2 | D5: je cm | E5: über der Obergrenze von oversized | F5: A
A6: zone | B6: zone_halbbreite_in_G | C6: 0.5 | D6: × G | E6: straffreie Zone ±0,5 Größensprung um die Mitte | F6: B (Patent US 6,665,577)
A7: schnitt | B7: schnitt_begrenzung_in_G | C7: 1 | D7: × G | E7: Kundinnen-Wahl höchstens 1 Größensprung vom Schnitt | F7: A
A8: ausschluss | B8: ausschluss_unter_mindest_cm | C8: 3 | D8: cm | E8: nur Klasse 0 | F8: A
A9: ausschluss | B9: schulter_ausschluss_schmaler_cm | C9: 2.5 | D9: cm | E9: Webware, eingesetzter Ärmel | F9: A
A10: toleranz | B10: schulter_toleranz_cm | C10: 1 | D10: cm | E10: straffrei | F10: A
A11: toleranz | B11: aermellaenge_toleranz_cm | C11: 2 | D11: cm | E11: straffrei; zu kurz zählt doppelt | F11: B/A
A12: figur | B12: figur_korrektur_max_cm | C12: 2 | D12: cm | E12: unverändert aus v2 | F12: A
A13: dehnung | B13: nutzbarer_dehnungsanteil | C13: 0.2 | E13: Mindest Klasse 2–4 = −0,2 × Dehnung × Körpermaß | F13: A (Patent)
A14: umrechnung | B14: skalierung_anteil_proportional | C14: 0.5 | E14: Wert(K) = Wert_ref × (0,5 + 0,5 × K/K_ref) | F14: A
A15: umrechnung | B15: k_ref_brust_cm | C15: 92 | D15: cm | E15: DE 40 | F15: B
A16: umrechnung | B16: k_ref_huefte_cm | C16: 100 | D16: cm | E16: DE 40 | F16: B
A17: konfidenz | B17: start | C17: 100 | F17: A
A18: konfidenz | B18: abzug_mass_geschaetzt | C18: 15 | F18: A
A19: konfidenz | B19: abzug_knapp_min | C19: 10 | E19: Score-Differenz < 10 % | F19: A
A20: konfidenz | B20: abzug_knapp_max | C20: 25 | F20: A
A21: konfidenz | B21: knapp_schwelle_score_diff | C21: 0.1 | F21: A
A22: konfidenz | B22: abzug_widerspruch_figur | C22: 10 | E22: Figur-Korrektur halbieren | F22: A
A23: konfidenz | B23: abzug_schnitt_begrenzt | C23: 10 | F23: A
A24: konfidenz | B24: abzug_unter_mindest | C24: 20 | F24: A
A25: konfidenz | B25: schwelle_unsicher | C25: 60 | E25: darunter status = unsicher | F25: A
A26: lernen_person | B26: offset_faktor | C26: 0.3 | E26: Offset_neu = Offset_alt + 0,3 × Korrektur | F26: A
A27: lernen_person | B27: offset_feedback_cm | C27: 2 | D27: cm | E27: zu eng = +2, zu weit = −2 | F27: A
A28: lernen_person | B28: offset_max_cm | C28: 4 | D28: cm | F28: A
A29: lernen_artikel | B29: glaettung_k | C29: 25 | E29: Gewicht = n / (n + 25) | F29: A
A30: lernen_artikel | B30: versatz_je_rueckmeldung_in_G | C30: 0.5 | D30: × G | E30: zu klein = +0,5 G, zu groß = −0,5 G | F30: A
A31: lernen_artikel | B31: n_hinweis | C31: 20 | D31: Rückmeldungen | E31: Hinweis 'fällt klein/groß aus' | F31: A
A32: lernen_artikel | B32: quote_hinweis | C32: 0.75 | E32: Anteil in eine Richtung | F32: A
A33: lernen_artikel | B33: n_volle_korrektur | C33: 50 | D33: Rückmeldungen | F33: A
A34: lernen_artikel | B34: grenze_unter_n_voll_in_G | C34: 0.5 | D34: × G | F34: A
A35: lernen_artikel | B35: grenze_ab_n_voll_in_G | C35: 1 | D35: × G | F35: A
A36: lernen_artikel | B36: team_freigabe_ab_cm | C36: 1 | D36: cm | E36: größere Änderungen an Grundwerten nur mit Freigabe | F36: A
A37: vermessung | B37: messgenauigkeit_ziel_cm | C37: 1 | D37: cm Umfang | E37: ±1 cm gegenüber Handmessung (±0,5 cm Flachmaß) | F37: B/P
A38: vermessung | B38: messhoehe_brust_unter_armloch_cm | C38: 2.5 | D38: cm | E38: Industriestandard | F38: P

Sheet Artikel-Felder
A1: feld | B1: typ | C1: erlaubte_werte | D1: pflicht | E1: beschreibung | F1: beispiel
A2: schnitt | B2: Text | C2: koerpernah / regulaer / locker / oversized | D2: ja | E2: Passform, wie der Artikel geschnitten ist | F2: regulaer
A3: schnitt_quelle | B3: Text | C3: automatisch / manuell / haendler | D3: ja | E3: woher der Schnitt stammt | F3: automatisch
A4: kategorie_id | B4: Text | C4: siehe Blatt Bereiche | D4: ja | E4: Tabellenzeile für die Bereiche | F4: web_oberteil
A5: material_dehnung_prozent | B5: Zahl | C5: 0–200 | D5: ja | E5: gemessene Querdehnung; Klasse wird berechnet | F5: 3
A6: material_zusammensetzung | B6: Text | C6: frei | D6: nein | E6: vom Pflegeetikett | F6: 97 % Baumwolle, 3 % Elastan
A7: tailliert | B7: Ja/Nein | C7: ja / nein | D7: ja | E7: bestimmt, ob die Taille gewertet wird | F7: nein
A8: bund_typ | B8: Text | C8: fest / stretch / gummizug | D8: nur Röcke und Hosen | F8: —
A9: aermel_typ | B9: Text | C9: eingesetzt / ueberschnitten / ohne | D9: nur Oberteile | E9: Schulter wird nur bei 'eingesetzt' gewertet | F9: eingesetzt
A10: messhoehe_brust_cm | B10: Zahl | C10: cm unter Armloch | D10: ja (Oberteile) | E10: Standard 2,5 | F10: 2,5
A11: garment_measurements | B11: Objekt | C11: je Größe, cm | D11: ja | E11: brust, taille, huefte, schulter, armlaenge, oberarm, oberschenkel, gesamtlaenge je nach Kategorie | F11: {'M': {'brust': 104, ...}}

Sheet Rechenbeispiel
A1: Rechenbeispiel: Bluse aus Webware mit 3 % Elastan, Kundin wählt 'regulär'
A2: Gelbe Zellen ändern, um andere Fälle durchzuspielen. Bereich: Webware Brust (Blatt Bereiche).
A4: Brustumfang Kundin (cm) | B4: 96
A5: Größensprung G des Artikels (cm) | B5: 4
A6: Ziel-Mitte regulär, Referenzgröße (cm) | B6: =Bereiche!G3 -> 10
A7: Dehnungsklasse des Stoffs | B7: 1
A8: Korrektur regulär (gemessen − Referenz 0) | B8: =INDEX(Dehnungskorrektur!C2:C6,B7+1)-Dehnungskorrektur!C2 -> -1
A9: Ziel-Mitte umgerechnet + korrigiert (cm) | B9: =B6*((1-Parameter!C14)+Parameter!C14*B4/Parameter!C15)+B8 -> 9.2173913
A10: Straffreie Zone ± (cm) | B10: =Parameter!C6*B5 -> 2
A11: Mindest-Mehrweite Klasse 1 (cm) | B11: 0
A13: Größe | B13: Kleidung Brust (cm) | C13: Mehrweite | D13: Abstand d | E13: Strafe
A14: 38 | B14: 100 | C14: =B14-$B$4 -> 4 | D14: =MAX(0,ABS(C14-$B$9)-$B$10) -> 3.2173913 | E14: =IF(C14<$B$9,Parameter!$C$2,Parameter!$C$3)*D14+Parameter!$C$4*MAX(0,$B$11-C14) -> 6.4347826
A15: 40 | B15: 104 | C15: =B15-$B$4 -> 8 | D15: =MAX(0,ABS(C15-$B$9)-$B$10) -> 0 | E15: =IF(C15<$B$9,Parameter!$C$2,Parameter!$C$3)*D15+Parameter!$C$4*MAX(0,$B$11-C15) -> 0
A16: 42 | B16: 108 | C16: =B16-$B$4 -> 12 | D16: =MAX(0,ABS(C16-$B$9)-$B$10) -> 0.7826087 | E16: =IF(C16<$B$9,Parameter!$C$2,Parameter!$C$3)*D16+Parameter!$C$4*MAX(0,$B$11-C16) -> 0.7826087
A17: 44 | B17: 112 | C17: =B17-$B$4 -> 16 | D17: =MAX(0,ABS(C17-$B$9)-$B$10) -> 4.7826087 | E17: =IF(C17<$B$9,Parameter!$C$2,Parameter!$C$3)*D17+Parameter!$C$4*MAX(0,$B$11-C17) -> 4.7826087
A19: Empfohlene Größe (niedrigste Strafe) | B19: =INDEX(A14:A17,MATCH(MIN(E14:E17),E14:E17,0)) -> 40
A21: Ablauf: Mitte nehmen → auf Kundin umrechnen → Dehnung korrigieren → Abstand außerhalb der Zone bestrafen (zu eng ×2) → niedrigste Strafe gewinnt. Bei mehreren Messpunkten werden die Strafen mit den Gewichten summiert.
